Shriram,shriram@example.com
Vaishnavi,vaishnavi@example.com
Navya,navya@example.com
Sanjay,sanjay@example.com
Thara,thara@example.com
Kiruba,kiruba@example.com
Jagdhees,jagdhees@example.com
Kanishka,kanishka@example.com
Yogesh,yogesh@example.com
Naveena,naveena@example.com
Harini,harini@example.com
Jerlin,jerlin@example.com
Harshini,harshini@example.com
Geethani,geethani@example.com
Karthik Srinivasan,karthiksrinivasan@example.com
Nikil,nikil@example.com
Jaishree,jaishree@example.com
Ashwin,ashwin@example.com
Ragul,ragul@example.com
Muthu,muthu@example.com
